test tool,test step,14.8µs,"Tue, 14 Jun 2022 13:14:20 EDT","Tue, 14 Jun 2022 13:14:20 EDT"
test tool,test step,46.6µs,"Tue, 14 Jun 2022 13:14:20 EDT","Tue, 14 Jun 2022 13:14:20 EDT"
test tool,test step,2.7µs,"Tue, 14 Jun 2022 13:14:20 EDT","Tue, 14 Jun 2022 13:14:20 EDT"
test tool,test step,8µs,"Tue, 14 Jun 2022 13:30:30 EDT","Tue, 14 Jun 2022 13:30:30 EDT"
test tool,test step,28.2µs,"Tue, 14 Jun 2022 13:30:30 EDT","Tue, 14 Jun 2022 13:30:30 EDT"
test tool,test step,6.4µs,"Tue, 14 Jun 2022 13:30:30 EDT","Tue, 14 Jun 2022 13:30:30 EDT"
test tool,test step,5.7µs,"Tue, 14 Jun 2022 13:30:30 EDT","Tue, 14 Jun 2022 13:30:30 EDT"
test tool,test step,5.6µs,"Tue, 14 Jun 2022 13:30:30 EDT","Tue, 14 Jun 2022 13:30:30 EDT"
test tool,test step,8µs,"Tue, 14 Jun 2022 13:30:30 EDT","Tue, 14 Jun 2022 13:30:30 EDT"
test tool,test step,4.4µs,"Tue, 14 Jun 2022 13:30:30 EDT","Tue, 14 Jun 2022 13:30:30 EDT"
test tool,test step,5µs,"Tue, 14 Jun 2022 13:30:30 EDT","Tue, 14 Jun 2022 13:30:30 EDT"
test tool,test step,3.7µs,"Tue, 14 Jun 2022 13:30:30 EDT","Tue, 14 Jun 2022 13:30:30 EDT"
test tool,test step,4.4µs,"Tue, 14 Jun 2022 13:30:30 EDT","Tue, 14 Jun 2022 13:30:30 EDT"
test tool,test step,3.4µs,"Tue, 14 Jun 2022 13:30:30 EDT","Tue, 14 Jun 2022 13:30:30 EDT"
test tool,test step,5.2µs,"Tue, 14 Jun 2022 13:30:30 EDT","Tue, 14 Jun 2022 13:30:30 EDT"
test tool,test step,6.8µs,"Tue, 14 Jun 2022 13:30:30 EDT","Tue, 14 Jun 2022 13:30:30 EDT"
test tool,test step,7.8µs,"Tue, 14 Jun 2022 13:30:30 EDT","Tue, 14 Jun 2022 13:30:30 EDT"
test tool,test step,7.3µs,"Tue, 14 Jun 2022 13:30:30 EDT","Tue, 14 Jun 2022 13:30:30 EDT"
test tool,test step,8.2µs,"Tue, 14 Jun 2022 13:30:30 EDT","Tue, 14 Jun 2022 13:30:30 EDT"
test tool,test step,4.8µs,"Tue, 14 Jun 2022 13:30:30 EDT","Tue, 14 Jun 2022 13:30:30 EDT"
test tool,test step,5.2µs,"Tue, 14 Jun 2022 13:30:30 EDT","Tue, 14 Jun 2022 13:30:30 EDT"
test tool,test step,3.7µs,"Tue, 14 Jun 2022 13:30:30 EDT","Tue, 14 Jun 2022 13:30:30 EDT"
test tool,test step,4.3µs,"Tue, 14 Jun 2022 13:30:30 EDT","Tue, 14 Jun 2022 13:30:30 EDT"
test tool,test step,3.4µs,"Tue, 14 Jun 2022 13:30:30 EDT","Tue, 14 Jun 2022 13:30:30 EDT"
test tool,test step,7.8µs,"Tue, 14 Jun 2022 13:30:43 EDT","Tue, 14 Jun 2022 13:30:43 EDT"
test tool,test step,12.2µs,"Tue, 14 Jun 2022 13:30:43 EDT","Tue, 14 Jun 2022 13:30:43 EDT"
test tool,test step,4.6µs,"Tue, 14 Jun 2022 13:30:43 EDT","Tue, 14 Jun 2022 13:30:43 EDT"
test tool,test step,4.6µs,"Tue, 14 Jun 2022 13:30:43 EDT","Tue, 14 Jun 2022 13:30:43 EDT"
test tool,test step,3.7µs,"Tue, 14 Jun 2022 13:30:43 EDT","Tue, 14 Jun 2022 13:30:43 EDT"
test tool,test step,5.8µs,"Tue, 14 Jun 2022 13:30:43 EDT","Tue, 14 Jun 2022 13:30:43 EDT"
test tool,test step,3.8µs,"Tue, 14 Jun 2022 13:30:43 EDT","Tue, 14 Jun 2022 13:30:43 EDT"
test tool,test step,3.8µs,"Tue, 14 Jun 2022 13:30:43 EDT","Tue, 14 Jun 2022 13:30:43 EDT"
test tool,test step,7.4µs,"Tue, 14 Jun 2022 13:30:43 EDT","Tue, 14 Jun 2022 13:30:43 EDT"
test tool,test step,5.4µs,"Tue, 14 Jun 2022 13:30:43 EDT","Tue, 14 Jun 2022 13:30:43 EDT"
test tool,test step,4.7µs,"Tue, 14 Jun 2022 13:30:43 EDT","Tue, 14 Jun 2022 13:30:43 EDT"
test tool,test step,5.3µs,"Tue, 14 Jun 2022 13:30:43 EDT","Tue, 14 Jun 2022 13:30:43 EDT"
test tool,test step,7.5µs,"Tue, 14 Jun 2022 13:30:43 EDT","Tue, 14 Jun 2022 13:30:43 EDT"
test tool,test step,4.3µs,"Tue, 14 Jun 2022 13:30:43 EDT","Tue, 14 Jun 2022 13:30:43 EDT"
test tool,test step,2.4µs,"Tue, 14 Jun 2022 13:30:43 EDT","Tue, 14 Jun 2022 13:30:43 EDT"
test tool,test step,3.1µs,"Tue, 14 Jun 2022 13:30:43 EDT","Tue, 14 Jun 2022 13:30:43 EDT"
test tool,test step,3.3µs,"Tue, 14 Jun 2022 13:30:43 EDT","Tue, 14 Jun 2022 13:30:43 EDT"
test tool,test step,5µs,"Tue, 14 Jun 2022 13:30:43 EDT","Tue, 14 Jun 2022 13:30:43 EDT"
test tool,test step,5.3µs,"Tue, 14 Jun 2022 13:30:43 EDT","Tue, 14 Jun 2022 13:30:43 EDT"
test tool,test step,5.5µs,"Tue, 14 Jun 2022 13:30:43 EDT","Tue, 14 Jun 2022 13:30:43 EDT"
test tool,test step,6.4µs,"Tue, 14 Jun 2022 13:30:43 EDT","Tue, 14 Jun 2022 13:30:43 EDT"
test tool,test step,6.5µs,"Tue, 14 Jun 2022 13:30:56 EDT","Tue, 14 Jun 2022 13:30:56 EDT"
test tool,test step,8.1µs,"Tue, 14 Jun 2022 13:30:56 EDT","Tue, 14 Jun 2022 13:30:56 EDT"
test tool,test step,3.5µs,"Tue, 14 Jun 2022 13:30:56 EDT","Tue, 14 Jun 2022 13:30:56 EDT"
test tool,test step,3.8µs,"Tue, 14 Jun 2022 13:30:56 EDT","Tue, 14 Jun 2022 13:30:56 EDT"
test tool,test step,3.1µs,"Tue, 14 Jun 2022 13:30:56 EDT","Tue, 14 Jun 2022 13:30:56 EDT"
test tool,test step,4µs,"Tue, 14 Jun 2022 13:30:56 EDT","Tue, 14 Jun 2022 13:30:56 EDT"
test tool,test step,3.3µs,"Tue, 14 Jun 2022 13:30:56 EDT","Tue, 14 Jun 2022 13:30:56 EDT"
test tool,test step,3.5µs,"Tue, 14 Jun 2022 13:30:56 EDT","Tue, 14 Jun 2022 13:30:56 EDT"
test tool,test step,6.3µs,"Tue, 14 Jun 2022 13:30:56 EDT","Tue, 14 Jun 2022 13:30:56 EDT"
test tool,test step,5.2µs,"Tue, 14 Jun 2022 13:30:56 EDT","Tue, 14 Jun 2022 13:30:56 EDT"
test tool,test step,4.4µs,"Tue, 14 Jun 2022 13:30:56 EDT","Tue, 14 Jun 2022 13:30:56 EDT"
test tool,test step,4.1µs,"Tue, 14 Jun 2022 13:30:56 EDT","Tue, 14 Jun 2022 13:30:56 EDT"
test tool,test step,3µs,"Tue, 14 Jun 2022 13:30:56 EDT","Tue, 14 Jun 2022 13:30:56 EDT"
test tool,test step,3.9µs,"Tue, 14 Jun 2022 13:30:56 EDT","Tue, 14 Jun 2022 13:30:56 EDT"
test tool,test step,3.2µs,"Tue, 14 Jun 2022 13:30:56 EDT","Tue, 14 Jun 2022 13:30:56 EDT"
test tool,test step,4µs,"Tue, 14 Jun 2022 13:30:56 EDT","Tue, 14 Jun 2022 13:30:56 EDT"
test tool,test step,3.2µs,"Tue, 14 Jun 2022 13:30:56 EDT","Tue, 14 Jun 2022 13:30:56 EDT"
test tool,test step,3.6µs,"Tue, 14 Jun 2022 13:30:56 EDT","Tue, 14 Jun 2022 13:30:56 EDT"
test tool,test step,3.2µs,"Tue, 14 Jun 2022 13:30:56 EDT","Tue, 14 Jun 2022 13:30:56 EDT"
test tool,test step,3.5µs,"Tue, 14 Jun 2022 13:30:56 EDT","Tue, 14 Jun 2022 13:30:56 EDT"
test tool,test step,3.5µs,"Tue, 14 Jun 2022 13:30:56 EDT","Tue, 14 Jun 2022 13:30:56 EDT"
test tool,test step,10.5µs,"Tue, 14 Jun 2022 13:33:21 EDT","Tue, 14 Jun 2022 13:33:21 EDT"
test tool,test step,4.5µs,"Tue, 14 Jun 2022 13:33:21 EDT","Tue, 14 Jun 2022 13:33:21 EDT"
test tool,test step,2.4µs,"Tue, 14 Jun 2022 13:33:21 EDT","Tue, 14 Jun 2022 13:33:21 EDT"
test tool,test step,1.4µs,"Tue, 14 Jun 2022 13:33:21 EDT","Tue, 14 Jun 2022 13:33:21 EDT"
test tool,test step,1.7µs,"Tue, 14 Jun 2022 13:33:21 EDT","Tue, 14 Jun 2022 13:33:21 EDT"
test tool,test step,1.8µs,"Tue, 14 Jun 2022 13:33:21 EDT","Tue, 14 Jun 2022 13:33:21 EDT"
test tool,test step,2.6µs,"Tue, 14 Jun 2022 13:33:21 EDT","Tue, 14 Jun 2022 13:33:21 EDT"
test tool,test step,4.1µs,"Tue, 14 Jun 2022 13:33:21 EDT","Tue, 14 Jun 2022 13:33:21 EDT"
test tool,test step,2.1µs,"Tue, 14 Jun 2022 13:33:21 EDT","Tue, 14 Jun 2022 13:33:21 EDT"
test tool,test step,1.6µs,"Tue, 14 Jun 2022 13:33:21 EDT","Tue, 14 Jun 2022 13:33:21 EDT"
test tool,test step,4.4µs,"Tue, 14 Jun 2022 13:33:21 EDT","Tue, 14 Jun 2022 13:33:21 EDT"
test tool,test step,1.6µs,"Tue, 14 Jun 2022 13:33:21 EDT","Tue, 14 Jun 2022 13:33:21 EDT"
test tool,test step,1.7µs,"Tue, 14 Jun 2022 13:33:21 EDT","Tue, 14 Jun 2022 13:33:21 EDT"
test tool,test step,1.5µs,"Tue, 14 Jun 2022 13:33:21 EDT","Tue, 14 Jun 2022 13:33:21 EDT"
test tool,test step,1.8µs,"Tue, 14 Jun 2022 13:33:21 EDT","Tue, 14 Jun 2022 13:33:21 EDT"
test tool,test step,2µs,"Tue, 14 Jun 2022 13:33:21 EDT","Tue, 14 Jun 2022 13:33:21 EDT"
test tool,test step,4.2µs,"Tue, 14 Jun 2022 13:33:21 EDT","Tue, 14 Jun 2022 13:33:21 EDT"
test tool,test step,1.8µs,"Tue, 14 Jun 2022 13:33:21 EDT","Tue, 14 Jun 2022 13:33:21 EDT"
test tool,test step,4.4µs,"Tue, 14 Jun 2022 13:33:21 EDT","Tue, 14 Jun 2022 13:33:21 EDT"
test tool,test step,2.5µs,"Tue, 14 Jun 2022 13:33:21 EDT","Tue, 14 Jun 2022 13:33:21 EDT"
test tool,test step,16.4µs,"Tue, 14 Jun 2022 13:33:21 EDT","Tue, 14 Jun 2022 13:33:21 EDT"
test tool,test step,6.001µs,"Tue, 14 Jun 2022 13:33:21 EDT","Tue, 14 Jun 2022 13:33:21 EDT"
test tool,test step,2.8µs,"Tue, 14 Jun 2022 13:33:21 EDT","Tue, 14 Jun 2022 13:33:21 EDT"
test tool,test step,1.8µs,"Tue, 14 Jun 2022 13:33:21 EDT","Tue, 14 Jun 2022 13:33:21 EDT"
test tool,test step,2.6µs,"Tue, 14 Jun 2022 13:33:21 EDT","Tue, 14 Jun 2022 13:33:21 EDT"
test tool,test step,2.8µs,"Tue, 14 Jun 2022 13:33:21 EDT","Tue, 14 Jun 2022 13:33:21 EDT"
test tool,test step,3.9µs,"Tue, 14 Jun 2022 13:33:21 EDT","Tue, 14 Jun 2022 13:33:21 EDT"
test tool,test step,2.4µs,"Tue, 14 Jun 2022 13:33:21 EDT","Tue, 14 Jun 2022 13:33:21 EDT"
test tool,test step,2.2µs,"Tue, 14 Jun 2022 13:33:21 EDT","Tue, 14 Jun 2022 13:33:21 EDT"
test tool,test step,1.5µs,"Tue, 14 Jun 2022 13:33:21 EDT","Tue, 14 Jun 2022 13:33:21 EDT"
test tool,test step,1.8µs,"Tue, 14 Jun 2022 13:33:21 EDT","Tue, 14 Jun 2022 13:33:21 EDT"
test tool,test step,1.5µs,"Tue, 14 Jun 2022 13:33:21 EDT","Tue, 14 Jun 2022 13:33:21 EDT"
test tool,test step,3.1µs,"Tue, 14 Jun 2022 13:33:21 EDT","Tue, 14 Jun 2022 13:33:21 EDT"
test tool,test step,9.7µs,"Tue, 14 Jun 2022 13:33:29 EDT","Tue, 14 Jun 2022 13:33:29 EDT"
test tool,test step,8.5µs,"Tue, 14 Jun 2022 13:33:29 EDT","Tue, 14 Jun 2022 13:33:29 EDT"
test tool,test step,2.6µs,"Tue, 14 Jun 2022 13:33:29 EDT","Tue, 14 Jun 2022 13:33:29 EDT"
test tool,test step,2.6µs,"Tue, 14 Jun 2022 13:33:29 EDT","Tue, 14 Jun 2022 13:33:29 EDT"
test tool,test step,2.2µs,"Tue, 14 Jun 2022 13:33:29 EDT","Tue, 14 Jun 2022 13:33:29 EDT"
test tool,test step,2.6µs,"Tue, 14 Jun 2022 13:33:29 EDT","Tue, 14 Jun 2022 13:33:29 EDT"
test tool,test step,2.2µs,"Tue, 14 Jun 2022 13:33:29 EDT","Tue, 14 Jun 2022 13:33:29 EDT"
test tool,test step,2.5µs,"Tue, 14 Jun 2022 13:33:29 EDT","Tue, 14 Jun 2022 13:33:29 EDT"
test tool,test step,2µs,"Tue, 14 Jun 2022 13:33:29 EDT","Tue, 14 Jun 2022 13:33:29 EDT"
test tool,test step,3.5µs,"Tue, 14 Jun 2022 13:33:29 EDT","Tue, 14 Jun 2022 13:33:29 EDT"
test tool,test step,6.6µs,"Tue, 14 Jun 2022 13:33:29 EDT","Tue, 14 Jun 2022 13:33:29 EDT"
test tool,test step,10.4µs,"Tue, 14 Jun 2022 13:33:29 EDT","Tue, 14 Jun 2022 13:33:29 EDT"
test tool,test step,3.7µs,"Tue, 14 Jun 2022 13:33:29 EDT","Tue, 14 Jun 2022 13:33:29 EDT"
test tool,test step,7.5µs,"Tue, 14 Jun 2022 13:33:29 EDT","Tue, 14 Jun 2022 13:33:29 EDT"
test tool,test step,5.4µs,"Tue, 14 Jun 2022 13:33:29 EDT","Tue, 14 Jun 2022 13:33:29 EDT"
test tool,test step,7.4µs,"Tue, 14 Jun 2022 13:33:29 EDT","Tue, 14 Jun 2022 13:33:29 EDT"
test tool,test step,4.4µs,"Tue, 14 Jun 2022 13:33:29 EDT","Tue, 14 Jun 2022 13:33:29 EDT"
test tool,test step,8.5µs,"Tue, 14 Jun 2022 13:33:29 EDT","Tue, 14 Jun 2022 13:33:29 EDT"
test tool,test step,5µs,"Tue, 14 Jun 2022 13:33:29 EDT","Tue, 14 Jun 2022 13:33:29 EDT"
test tool,test step,14.301µs,"Tue, 14 Jun 2022 13:33:29 EDT","Tue, 14 Jun 2022 13:33:29 EDT"
test tool,test step,4.8µs,"Tue, 14 Jun 2022 13:33:29 EDT","Tue, 14 Jun 2022 13:33:29 EDT"
test tool,test step,6.9µs,"Tue, 14 Jun 2022 13:33:29 EDT","Tue, 14 Jun 2022 13:33:29 EDT"
test tool,test step,2.3µs,"Tue, 14 Jun 2022 13:33:29 EDT","Tue, 14 Jun 2022 13:33:29 EDT"
test tool,test step,2.8µs,"Tue, 14 Jun 2022 13:33:29 EDT","Tue, 14 Jun 2022 13:33:29 EDT"
test tool,test step,2.2µs,"Tue, 14 Jun 2022 13:33:29 EDT","Tue, 14 Jun 2022 13:33:29 EDT"
test tool,test step,5.2µs,"Tue, 14 Jun 2022 13:33:35 EDT","Tue, 14 Jun 2022 13:33:35 EDT"
test tool,test step,9.7µs,"Tue, 14 Jun 2022 13:33:35 EDT","Tue, 14 Jun 2022 13:33:35 EDT"
test tool,test step,3.5µs,"Tue, 14 Jun 2022 13:33:35 EDT","Tue, 14 Jun 2022 13:33:35 EDT"
test tool,test step,4.1µs,"Tue, 14 Jun 2022 13:33:35 EDT","Tue, 14 Jun 2022 13:33:35 EDT"
test tool,test step,2.9µs,"Tue, 14 Jun 2022 13:33:35 EDT","Tue, 14 Jun 2022 13:33:35 EDT"
test tool,test step,3.6µs,"Tue, 14 Jun 2022 13:33:35 EDT","Tue, 14 Jun 2022 13:33:35 EDT"
test tool,test step,22.4µs,"Tue, 14 Jun 2022 13:33:35 EDT","Tue, 14 Jun 2022 13:33:35 EDT"
test tool,test step,21.2µs,"Tue, 14 Jun 2022 13:33:35 EDT","Tue, 14 Jun 2022 13:33:35 EDT"
test tool,test step,5.1µs,"Tue, 14 Jun 2022 13:33:35 EDT","Tue, 14 Jun 2022 13:33:35 EDT"
test tool,test step,5.8µs,"Tue, 14 Jun 2022 13:33:35 EDT","Tue, 14 Jun 2022 13:33:35 EDT"
test tool,test step,3.4µs,"Tue, 14 Jun 2022 13:33:35 EDT","Tue, 14 Jun 2022 13:33:35 EDT"
test tool,test step,4.3µs,"Tue, 14 Jun 2022 13:33:35 EDT","Tue, 14 Jun 2022 13:33:35 EDT"
test tool,test step,3.3µs,"Tue, 14 Jun 2022 13:33:35 EDT","Tue, 14 Jun 2022 13:33:35 EDT"
test tool,test step,7.8µs,"Tue, 14 Jun 2022 13:33:35 EDT","Tue, 14 Jun 2022 13:33:35 EDT"
test tool,test step,3.7µs,"Tue, 14 Jun 2022 13:33:35 EDT","Tue, 14 Jun 2022 13:33:35 EDT"
test tool,test step,4.5µs,"Tue, 14 Jun 2022 13:33:35 EDT","Tue, 14 Jun 2022 13:33:35 EDT"
test tool,test step,3.7µs,"Tue, 14 Jun 2022 13:33:35 EDT","Tue, 14 Jun 2022 13:33:35 EDT"
test tool,test step,4.5µs,"Tue, 14 Jun 2022 13:33:35 EDT","Tue, 14 Jun 2022 13:33:35 EDT"
test tool,test step,7.3µs,"Tue, 14 Jun 2022 13:33:35 EDT","Tue, 14 Jun 2022 13:33:35 EDT"
test tool,test step,6.2µs,"Tue, 14 Jun 2022 13:33:35 EDT","Tue, 14 Jun 2022 13:33:35 EDT"
test tool,test step,4.3µs,"Tue, 14 Jun 2022 13:33:35 EDT","Tue, 14 Jun 2022 13:33:35 EDT"
test tool,test step,4.8µs,"Tue, 14 Jun 2022 13:33:35 EDT","Tue, 14 Jun 2022 13:33:35 EDT"
test tool,test step,6.7µs,"Tue, 14 Jun 2022 13:33:35 EDT","Tue, 14 Jun 2022 13:33:35 EDT"
test tool,test step,4.9µs,"Tue, 14 Jun 2022 13:33:35 EDT","Tue, 14 Jun 2022 13:33:35 EDT"
test tool,test step,3.3µs,"Tue, 14 Jun 2022 13:33:35 EDT","Tue, 14 Jun 2022 13:33:35 EDT"
test tool,test step,6.5µs,"Tue, 14 Jun 2022 13:33:35 EDT","Tue, 14 Jun 2022 13:33:35 EDT"
test tool,test step,3.3µs,"Tue, 14 Jun 2022 13:33:35 EDT","Tue, 14 Jun 2022 13:33:35 EDT"
test tool,test step,3.7µs,"Tue, 14 Jun 2022 13:33:35 EDT","Tue, 14 Jun 2022 13:33:35 EDT"
test tool,test step,3.1µs,"Tue, 14 Jun 2022 13:33:35 EDT","Tue, 14 Jun 2022 13:33:35 EDT"
test tool,test step,7.5µs,"Tue, 14 Jun 2022 13:33:35 EDT","Tue, 14 Jun 2022 13:33:35 EDT"
test tool,test step,4µs,"Tue, 14 Jun 2022 13:33:35 EDT","Tue, 14 Jun 2022 13:33:35 EDT"
test tool,test step,4.2µs,"Tue, 14 Jun 2022 13:33:35 EDT","Tue, 14 Jun 2022 13:33:35 EDT"
test tool,test step,3.6µs,"Tue, 14 Jun 2022 13:33:35 EDT","Tue, 14 Jun 2022 13:33:35 EDT"
test tool,test step,8.3µs,"Tue, 14 Jun 2022 13:33:35 EDT","Tue, 14 Jun 2022 13:33:35 EDT"
test tool,test step,4µs,"Tue, 14 Jun 2022 13:33:35 EDT","Tue, 14 Jun 2022 13:33:35 EDT"
test tool,test step,5.8µs,"Tue, 14 Jun 2022 13:33:35 EDT","Tue, 14 Jun 2022 13:33:35 EDT"
test tool,test step,6µs,"Tue, 14 Jun 2022 13:33:35 EDT","Tue, 14 Jun 2022 13:33:35 EDT"
test tool,test step,3.00233949s,"Tue, 14 Jun 2022 13:44:25 EDT","Tue, 14 Jun 2022 13:44:28 EDT"
test tool,test step,23.9µs,"Fri, 17 Jun 2022 12:47:36 EDT","Fri, 17 Jun 2022 12:47:36 EDT"
test tool,test step,8µs
test tool,test step,3.002281412s,"Fri, 17 Jun 2022 12:47:39 EDT","Fri, 17 Jun 2022 12:47:42 EDT"
test tool,test step,9.6µs,"Fri, 17 Jun 2022 12:47:42 EDT","Fri, 17 Jun 2022 12:47:42 EDT"
test tool,test step,2.4µs,"Fri, 17 Jun 2022 12:47:42 EDT","Fri, 17 Jun 2022 12:47:42 EDT"
test tool,test step,4.1µs,"Fri, 17 Jun 2022 12:47:42 EDT","Fri, 17 Jun 2022 12:47:42 EDT"
test tool,test step,2.2µs,"Fri, 17 Jun 2022 12:47:42 EDT","Fri, 17 Jun 2022 12:47:42 EDT"
test tool,test step,9.501µs,"Fri, 17 Jun 2022 12:47:42 EDT","Fri, 17 Jun 2022 12:47:42 EDT"
test tool,test step,1.9µs,"Fri, 17 Jun 2022 12:47:42 EDT","Fri, 17 Jun 2022 12:47:42 EDT"
test tool,test step,3.5µs,"Fri, 17 Jun 2022 12:47:42 EDT","Fri, 17 Jun 2022 12:47:42 EDT"
test tool,test step,1.9µs,"Fri, 17 Jun 2022 12:47:42 EDT","Fri, 17 Jun 2022 12:47:42 EDT"
test tool,test step,4µs,"Fri, 17 Jun 2022 12:47:42 EDT","Fri, 17 Jun 2022 12:47:42 EDT"
test tool,test step,1.7µs,"Fri, 17 Jun 2022 12:47:42 EDT","Fri, 17 Jun 2022 12:47:42 EDT"
test tool,test step,3.8µs,"Fri, 17 Jun 2022 12:47:42 EDT","Fri, 17 Jun 2022 12:47:42 EDT"
test tool,test step,1.4µs,"Fri, 17 Jun 2022 12:47:42 EDT","Fri, 17 Jun 2022 12:47:42 EDT"
test tool,test step,3.6µs,"Fri, 17 Jun 2022 12:47:42 EDT","Fri, 17 Jun 2022 12:47:42 EDT"
test tool,test step,1.3µs,"Fri, 17 Jun 2022 12:47:42 EDT","Fri, 17 Jun 2022 12:47:42 EDT"
test tool,test step,3.7µs,"Fri, 17 Jun 2022 12:47:42 EDT","Fri, 17 Jun 2022 12:47:42 EDT"
test tool,test step,1.7µs,"Fri, 17 Jun 2022 12:47:42 EDT","Fri, 17 Jun 2022 12:47:42 EDT"
test tool,test step,6.7µs,"Fri, 17 Jun 2022 12:47:42 EDT","Fri, 17 Jun 2022 12:47:42 EDT"
test tool,test step,1.5µs,"Fri, 17 Jun 2022 12:47:42 EDT","Fri, 17 Jun 2022 12:47:42 EDT"
test tool,test step,7.5µs,"Fri, 17 Jun 2022 12:47:42 EDT","Fri, 17 Jun 2022 12:47:42 EDT"
test tool,test step,1.5µs,"Fri, 17 Jun 2022 12:47:42 EDT","Fri, 17 Jun 2022 12:47:42 EDT"
test tool,test step,3.8µs,"Fri, 17 Jun 2022 12:47:42 EDT","Fri, 17 Jun 2022 12:47:42 EDT"
test tool,test step,3.7µs,"Fri, 17 Jun 2022 12:47:42 EDT","Fri, 17 Jun 2022 12:47:42 EDT"
test tool,test step,5µs,"Fri, 17 Jun 2022 12:47:42 EDT","Fri, 17 Jun 2022 12:47:42 EDT"
test tool,test step,2.2µs,"Fri, 17 Jun 2022 12:47:42 EDT","Fri, 17 Jun 2022 12:47:42 EDT"
test tool,test step,4.2µs,"Fri, 17 Jun 2022 12:47:42 EDT","Fri, 17 Jun 2022 12:47:42 EDT"
test tool,test step,1.3µs,"Fri, 17 Jun 2022 12:47:42 EDT","Fri, 17 Jun 2022 12:47:42 EDT"
test tool,test step,3.4µs,"Fri, 17 Jun 2022 12:47:42 EDT","Fri, 17 Jun 2022 12:47:42 EDT"
test tool,test step,1.3µs,"Fri, 17 Jun 2022 12:47:42 EDT","Fri, 17 Jun 2022 12:47:42 EDT"
test tool,test step,7.1µs,"Fri, 17 Jun 2022 12:47:42 EDT","Fri, 17 Jun 2022 12:47:42 EDT"
test tool,test step,1.6µs,"Fri, 17 Jun 2022 12:47:42 EDT","Fri, 17 Jun 2022 12:47:42 EDT"
test tool,test step,4.1µs,"Fri, 17 Jun 2022 12:47:42 EDT","Fri, 17 Jun 2022 12:47:42 EDT"
test tool,test step,3.6µs,"Fri, 17 Jun 2022 12:47:42 EDT","Fri, 17 Jun 2022 12:47:42 EDT"
test tool,test step,7.401µs,"Fri, 17 Jun 2022 12:47:42 EDT","Fri, 17 Jun 2022 12:47:42 EDT"
test tool,test step,1.5µs,"Fri, 17 Jun 2022 12:47:42 EDT","Fri, 17 Jun 2022 12:47:42 EDT"
test tool,test step,5.2µs,"Fri, 17 Jun 2022 12:47:42 EDT","Fri, 17 Jun 2022 12:47:42 EDT"
test tool,test step,1.5µs,"Fri, 17 Jun 2022 12:47:42 EDT","Fri, 17 Jun 2022 12:47:42 EDT"
test tool,test step,3.5µs,"Fri, 17 Jun 2022 12:47:42 EDT","Fri, 17 Jun 2022 12:47:42 EDT"
test tool,test step,1.4µs,"Fri, 17 Jun 2022 12:47:42 EDT","Fri, 17 Jun 2022 12:47:42 EDT"
test tool,test step,3.4µs,"Fri, 17 Jun 2022 12:47:42 EDT","Fri, 17 Jun 2022 12:47:42 EDT"
test tool,test step,22.8µs,"Fri, 17 Jun 2022 13:40:58 EDT","Fri, 17 Jun 2022 13:40:58 EDT"
test tool,test step,8.1µs
test tool,test step,3.001163776s,"Fri, 17 Jun 2022 13:41:01 EDT","Fri, 17 Jun 2022 13:41:04 EDT"
test tool,test step,17.301µs,"Fri, 17 Jun 2022 13:41:04 EDT","Fri, 17 Jun 2022 13:41:04 EDT"
test tool,test step,8.4µs,"Fri, 17 Jun 2022 13:41:04 EDT","Fri, 17 Jun 2022 13:41:04 EDT"
test tool,test step,6.8µs,"Fri, 17 Jun 2022 13:41:04 EDT","Fri, 17 Jun 2022 13:41:04 EDT"
test tool,test step,3.2µs,"Fri, 17 Jun 2022 13:41:04 EDT","Fri, 17 Jun 2022 13:41:04 EDT"
test tool,test step,2.2µs,"Fri, 17 Jun 2022 13:41:04 EDT","Fri, 17 Jun 2022 13:41:04 EDT"
test tool,test step,1.3µs,"Fri, 17 Jun 2022 13:41:04 EDT","Fri, 17 Jun 2022 13:41:04 EDT"
test tool,test step,4µs,"Fri, 17 Jun 2022 13:41:04 EDT","Fri, 17 Jun 2022 13:41:04 EDT"
test tool,test step,1.6µs,"Fri, 17 Jun 2022 13:41:04 EDT","Fri, 17 Jun 2022 13:41:04 EDT"
test tool,test step,1.7µs,"Fri, 17 Jun 2022 13:41:04 EDT","Fri, 17 Jun 2022 13:41:04 EDT"
test tool,test step,1.9µs,"Fri, 17 Jun 2022 13:41:04 EDT","Fri, 17 Jun 2022 13:41:04 EDT"
test tool,test step,1.7µs,"Fri, 17 Jun 2022 13:41:04 EDT","Fri, 17 Jun 2022 13:41:04 EDT"
test tool,test step,1.3µs,"Fri, 17 Jun 2022 13:41:04 EDT","Fri, 17 Jun 2022 13:41:04 EDT"
test tool,test step,2µs,"Fri, 17 Jun 2022 13:41:04 EDT","Fri, 17 Jun 2022 13:41:04 EDT"
test tool,test step,1.4µs,"Fri, 17 Jun 2022 13:41:04 EDT","Fri, 17 Jun 2022 13:41:04 EDT"
test tool,test step,3.1µs,"Fri, 17 Jun 2022 13:41:04 EDT","Fri, 17 Jun 2022 13:41:04 EDT"
test tool,test step,3.7µs,"Fri, 17 Jun 2022 13:41:04 EDT","Fri, 17 Jun 2022 13:41:04 EDT"
test tool,test step,2.1µs,"Fri, 17 Jun 2022 13:41:04 EDT","Fri, 17 Jun 2022 13:41:04 EDT"
test tool,test step,1.4µs,"Fri, 17 Jun 2022 13:41:04 EDT","Fri, 17 Jun 2022 13:41:04 EDT"
test tool,test step,1.901µs,"Fri, 17 Jun 2022 13:41:04 EDT","Fri, 17 Jun 2022 13:41:04 EDT"
test tool,test step,1.3µs,"Fri, 17 Jun 2022 13:41:04 EDT","Fri, 17 Jun 2022 13:41:04 EDT"
test tool,test step,4.6µs,"Fri, 17 Jun 2022 13:41:04 EDT","Fri, 17 Jun 2022 13:41:04 EDT"
test tool,test step,1.5µs,"Fri, 17 Jun 2022 13:41:04 EDT","Fri, 17 Jun 2022 13:41:04 EDT"
test tool,test step,1.4µs,"Fri, 17 Jun 2022 13:41:04 EDT","Fri, 17 Jun 2022 13:41:04 EDT"
test tool,test step,1.401µs,"Fri, 17 Jun 2022 13:41:04 EDT","Fri, 17 Jun 2022 13:41:04 EDT"
test tool,test step,1.5µs,"Fri, 17 Jun 2022 13:41:04 EDT","Fri, 17 Jun 2022 13:41:04 EDT"
test tool,test step,1.4µs,"Fri, 17 Jun 2022 13:41:04 EDT","Fri, 17 Jun 2022 13:41:04 EDT"
test tool,test step,11.2µs,"Fri, 17 Jun 2022 13:50:19 EDT","Fri, 17 Jun 2022 13:50:19 EDT"
test tool,test step,5.3µs
test tool,test step,3.002406664s,"Fri, 17 Jun 2022 13:50:22 EDT","Fri, 17 Jun 2022 13:50:25 EDT"
test tool,test step,40.401µs,"Fri, 17 Jun 2022 13:50:25 EDT","Fri, 17 Jun 2022 13:50:25 EDT"
test tool,test step,16.901µs,"Fri, 17 Jun 2022 13:50:25 EDT","Fri, 17 Jun 2022 13:50:25 EDT"
test tool,test step,19.1µs,"Fri, 17 Jun 2022 13:50:25 EDT","Fri, 17 Jun 2022 13:50:25 EDT"
test tool,test step,18.9µs,"Fri, 17 Jun 2022 13:50:25 EDT","Fri, 17 Jun 2022 13:50:25 EDT"
test tool,test step,28.601µs,"Fri, 17 Jun 2022 13:50:25 EDT","Fri, 17 Jun 2022 13:50:25 EDT"
test tool,test step,6µs,"Fri, 17 Jun 2022 13:50:25 EDT","Fri, 17 Jun 2022 13:50:25 EDT"
test tool,test step,13.6µs,"Fri, 17 Jun 2022 13:50:25 EDT","Fri, 17 Jun 2022 13:50:25 EDT"
test tool,test step,4.001µs,"Fri, 17 Jun 2022 13:50:25 EDT","Fri, 17 Jun 2022 13:50:25 EDT"
test tool,test step,21.8µs,"Fri, 17 Jun 2022 13:50:25 EDT","Fri, 17 Jun 2022 13:50:25 EDT"
test tool,test step,4.2µs,"Fri, 17 Jun 2022 13:50:25 EDT","Fri, 17 Jun 2022 13:50:25 EDT"
test tool,test step,10.7µs,"Fri, 17 Jun 2022 13:50:25 EDT","Fri, 17 Jun 2022 13:50:25 EDT"
test tool,test step,32.5µs,"Fri, 17 Jun 2022 13:50:25 EDT","Fri, 17 Jun 2022 13:50:25 EDT"
test tool,test step,57.001µs,"Fri, 17 Jun 2022 13:50:25 EDT","Fri, 17 Jun 2022 13:50:25 EDT"
test tool,test step,11µs,"Fri, 17 Jun 2022 13:50:25 EDT","Fri, 17 Jun 2022 13:50:25 EDT"
test tool,test step,22.5µs,"Fri, 17 Jun 2022 13:50:25 EDT","Fri, 17 Jun 2022 13:50:25 EDT"
test tool,test step,11.701µs,"Fri, 17 Jun 2022 13:50:25 EDT","Fri, 17 Jun 2022 13:50:25 EDT"
test tool,test step,31.001µs,"Fri, 17 Jun 2022 13:50:25 EDT","Fri, 17 Jun 2022 13:50:25 EDT"
test tool,test step,5.2µs,"Fri, 17 Jun 2022 13:50:25 EDT","Fri, 17 Jun 2022 13:50:25 EDT"
test tool,test step,5µs,"Fri, 17 Jun 2022 13:50:25 EDT","Fri, 17 Jun 2022 13:50:25 EDT"
test tool,test step,4µs,"Fri, 17 Jun 2022 13:50:25 EDT","Fri, 17 Jun 2022 13:50:25 EDT"
test tool,test step,12.601µs,"Fri, 17 Jun 2022 13:50:25 EDT","Fri, 17 Jun 2022 13:50:25 EDT"
test tool,test step,4.4µs,"Fri, 17 Jun 2022 13:50:25 EDT","Fri, 17 Jun 2022 13:50:25 EDT"
test tool,test step,4.4µs,"Fri, 17 Jun 2022 13:50:25 EDT","Fri, 17 Jun 2022 13:50:25 EDT"
test tool,test step,4.201µs,"Fri, 17 Jun 2022 13:50:25 EDT","Fri, 17 Jun 2022 13:50:25 EDT"
test tool,test step,5.9µs,"Fri, 17 Jun 2022 13:50:25 EDT","Fri, 17 Jun 2022 13:50:25 EDT"
test tool,test step,3.9µs,"Fri, 17 Jun 2022 13:50:25 EDT","Fri, 17 Jun 2022 13:50:25 EDT"
test tool,test step,4.7µs,"Fri, 17 Jun 2022 13:50:25 EDT","Fri, 17 Jun 2022 13:50:25 EDT"
test tool,test step,3.901µs,"Fri, 17 Jun 2022 13:50:25 EDT","Fri, 17 Jun 2022 13:50:25 EDT"
test tool,test step,4.8µs,"Fri, 17 Jun 2022 13:50:25 EDT","Fri, 17 Jun 2022 13:50:25 EDT"
test tool,test step,4.1µs,"Fri, 17 Jun 2022 13:50:25 EDT","Fri, 17 Jun 2022 13:50:25 EDT"
test tool,test step,4.6µs,"Fri, 17 Jun 2022 13:50:25 EDT","Fri, 17 Jun 2022 13:50:25 EDT"
test tool,test step,12.3µs,"Fri, 17 Jun 2022 13:50:25 EDT","Fri, 17 Jun 2022 13:50:25 EDT"
test tool,test step,9µs,"Fri, 17 Jun 2022 13:50:25 EDT","Fri, 17 Jun 2022 13:50:25 EDT"
test tool,test step,5.4µs,"Fri, 17 Jun 2022 13:50:25 EDT","Fri, 17 Jun 2022 13:50:25 EDT"
test tool,test step,6.701µs,"Fri, 17 Jun 2022 13:50:25 EDT","Fri, 17 Jun 2022 13:50:25 EDT"
test tool,test step,5.8µs,"Fri, 17 Jun 2022 13:50:25 EDT","Fri, 17 Jun 2022 13:50:25 EDT"
test tool,test step,46.4µs,"Fri, 17 Jun 2022 13:50:25 EDT","Fri, 17 Jun 2022 13:50:25 EDT"
test tool,test step,12.1µs,"Fri, 17 Jun 2022 13:50:25 EDT","Fri, 17 Jun 2022 13:50:25 EDT"
test tool,test step,5µs,"Fri, 17 Jun 2022 13:50:25 EDT","Fri, 17 Jun 2022 13:50:25 EDT"
test tool,test step,3.6µs,"Fri, 17 Jun 2022 13:50:25 EDT","Fri, 17 Jun 2022 13:50:25 EDT"
test tool,test step,6µs,"Fri, 17 Jun 2022 13:50:25 EDT","Fri, 17 Jun 2022 13:50:25 EDT"
test tool,test step,3.002290809s,"Sat, 18 Jun 2022 01:39:25 EDT","Sat, 18 Jun 2022 01:39:28 EDT"
test tool,test step,3.002432405s,"Sat, 18 Jun 2022 01:41:13 EDT","Sat, 18 Jun 2022 01:41:16 EDT"
test tool,test step,3.002320508s,"Sat, 18 Jun 2022 01:41:42 EDT","Sat, 18 Jun 2022 01:41:45 EDT"
test tool,test step,3.002546813s,"Mon, 20 Jun 2022 13:09:45 EDT","Mon, 20 Jun 2022 13:09:48 EDT"
test tool,test step,3.002260806s,"Mon, 20 Jun 2022 13:21:23 EDT","Mon, 20 Jun 2022 13:21:26 EDT"
test tool,test step,3.000682098s,"Mon, 20 Jun 2022 13:34:16 EDT","Mon, 20 Jun 2022 13:34:19 EDT"
test tool,test step,3.002288512s,"Mon, 20 Jun 2022 13:34:26 EDT","Mon, 20 Jun 2022 13:34:29 EDT"
test tool,test step,3.002427499s,"Mon, 20 Jun 2022 13:45:30 EDT","Mon, 20 Jun 2022 13:45:33 EDT"
test tool,test step,3.002330498s,"Mon, 20 Jun 2022 13:51:16 EDT","Mon, 20 Jun 2022 13:51:19 EDT"
test tool,test step,3.002244597s,"Mon, 20 Jun 2022 13:51:28 EDT","Mon, 20 Jun 2022 13:51:31 EDT"
test tool,test step,3.00333357s,"Tue, 21 Jun 2022 12:52:15 EDT","Tue, 21 Jun 2022 12:52:18 EDT"
test tool,test step,3.002510471s,"Tue, 21 Jun 2022 12:55:26 EDT","Tue, 21 Jun 2022 12:55:29 EDT"
test tool,test step,3.00326617s,"Tue, 21 Jun 2022 12:58:35 EDT","Tue, 21 Jun 2022 12:58:38 EDT"
test tool,test step,3.000529073s,"Tue, 21 Jun 2022 12:59:23 EDT","Tue, 21 Jun 2022 12:59:26 EDT"
test tool,test step,3.001453649s,"Tue, 21 Jun 2022 16:40:42 EDT","Tue, 21 Jun 2022 16:40:45 EDT"
test tool,test step,3.003189147s,"Tue, 21 Jun 2022 16:41:05 EDT","Tue, 21 Jun 2022 16:41:08 EDT"
test tool,test step,3.002486799s,"Tue, 21 Jun 2022 16:41:34 EDT","Tue, 21 Jun 2022 16:41:37 EDT"
test tool,test step,3.002417031s,"Tue, 21 Jun 2022 16:41:58 EDT","Tue, 21 Jun 2022 16:42:01 EDT"
test tool,test step,3.002330606s,"Tue, 21 Jun 2022 16:42:57 EDT","Tue, 21 Jun 2022 16:43:00 EDT"
test tool,test step,3.002616095s,"Tue, 21 Jun 2022 16:45:32 EDT","Tue, 21 Jun 2022 16:45:35 EDT"
test tool,test step,3.003142222s,"Tue, 21 Jun 2022 16:49:22 EDT","Tue, 21 Jun 2022 16:49:25 EDT"
test tool,test step,3.001368558s,"Tue, 21 Jun 2022 16:50:09 EDT","Tue, 21 Jun 2022 16:50:12 EDT"
test tool,test step,3.002735792s,"Tue, 21 Jun 2022 16:58:47 EDT","Tue, 21 Jun 2022 16:58:50 EDT"
test tool,test step,3.003437498s,"Tue, 21 Jun 2022 17:00:04 EDT","Tue, 21 Jun 2022 17:00:07 EDT"
test tool,test step,3.003082592s,"Tue, 21 Jun 2022 17:02:19 EDT","Tue, 21 Jun 2022 17:02:22 EDT"
test tool,test step,3.003178454s,"Tue, 21 Jun 2022 17:02:45 EDT","Tue, 21 Jun 2022 17:02:48 EDT"
test tool,test step,3.002758909s,"Tue, 21 Jun 2022 17:06:00 EDT","Tue, 21 Jun 2022 17:06:03 EDT"
test tool,test step,3.002554789s,"Tue, 21 Jun 2022 17:07:33 EDT","Tue, 21 Jun 2022 17:07:36 EDT"
test tool,test step,3.000619148s,"Tue, 21 Jun 2022 17:37:41 EDT","Tue, 21 Jun 2022 17:37:44 EDT"
test tool,test step,3.0032755s,"Tue, 21 Jun 2022 17:38:17 EDT","Tue, 21 Jun 2022 17:38:20 EDT"
test tool,test step,3.002400298s,"Tue, 21 Jun 2022 17:41:28 EDT","Tue, 21 Jun 2022 17:41:31 EDT"
test tool,test step,3.000690786s,"Tue, 21 Jun 2022 17:42:16 EDT","Tue, 21 Jun 2022 17:42:19 EDT"
test tool,test step,3.002345933s,"Tue, 21 Jun 2022 17:42:54 EDT","Tue, 21 Jun 2022 17:42:57 EDT"
test tool,test step,3.000873903s,"Tue, 21 Jun 2022 17:43:31 EDT","Tue, 21 Jun 2022 17:43:34 EDT"
test tool,test step,3.0026493s,"Tue, 21 Jun 2022 17:45:46 EDT","Tue, 21 Jun 2022 17:45:49 EDT"
test tool,test step,3.001345963s,"Tue, 21 Jun 2022 17:46:18 EDT","Tue, 21 Jun 2022 17:46:21 EDT"
test tool,test step,3.003284566s,"Tue, 21 Jun 2022 17:48:20 EDT","Tue, 21 Jun 2022 17:48:23 EDT"
test tool,test step,3.003101205s,"Tue, 21 Jun 2022 17:48:47 EDT","Tue, 21 Jun 2022 17:48:50 EDT"
test tool,test step,3.002679144s,"Tue, 21 Jun 2022 18:37:21 EDT","Tue, 21 Jun 2022 18:37:24 EDT"
test tool,test step,3.002364941s,"Tue, 21 Jun 2022 18:38:27 EDT","Tue, 21 Jun 2022 18:38:30 EDT"
test tool,test step,3.002429567s,"Tue, 21 Jun 2022 18:42:46 EDT","Tue, 21 Jun 2022 18:42:49 EDT"
test tool,test step,3.002603543s,"Tue, 21 Jun 2022 18:42:52 EDT","Tue, 21 Jun 2022 18:42:55 EDT"
test tool,test step,176.445µs,"Wed, 22 Jun 2022 12:19:51 EDT","Wed, 22 Jun 2022 12:19:51 EDT"
test tool,test step,3.002733583s,"Wed, 22 Jun 2022 12:21:43 EDT","Wed, 22 Jun 2022 12:21:46 EDT"
test tool,test step,26.799µs,"Wed, 22 Jun 2022 12:47:20 EDT","Wed, 22 Jun 2022 12:47:20 EDT"
test tool,test step,9.399µs,"Wed, 22 Jun 2022 12:47:20 EDT","Wed, 22 Jun 2022 12:47:20 EDT"
test tool,test step,3.9µs,"Wed, 22 Jun 2022 12:47:20 EDT","Wed, 22 Jun 2022 12:47:20 EDT"
test tool,test step,25.999µs,"Wed, 22 Jun 2022 12:57:49 EDT","Wed, 22 Jun 2022 12:57:49 EDT"
test tool,test step,9.4µs,"Wed, 22 Jun 2022 12:57:49 EDT","Wed, 22 Jun 2022 12:57:49 EDT"
test tool,test step,5.6µs,"Wed, 22 Jun 2022 12:57:49 EDT","Wed, 22 Jun 2022 12:57:49 EDT"
test tool,test step,16µs,"Wed, 22 Jun 2022 12:57:58 EDT","Wed, 22 Jun 2022 12:57:58 EDT"
test tool,test step,25.8µs,"Wed, 22 Jun 2022 12:57:58 EDT","Wed, 22 Jun 2022 12:57:58 EDT"
test tool,test step,10.499µs,"Wed, 22 Jun 2022 12:57:58 EDT","Wed, 22 Jun 2022 12:57:58 EDT"
test tool,test step,16.8µs,"Wed, 22 Jun 2022 13:04:51 EDT","Wed, 22 Jun 2022 13:04:51 EDT"
test tool,test step,27.3µs,"Wed, 22 Jun 2022 13:04:51 EDT","Wed, 22 Jun 2022 13:04:51 EDT"
test tool,test step,2.3µs,"Wed, 22 Jun 2022 13:04:51 EDT","Wed, 22 Jun 2022 13:04:51 EDT"
test tool,test step,2.6µs,"Wed, 22 Jun 2022 13:04:51 EDT","Wed, 22 Jun 2022 13:04:51 EDT"
test tool,test step,56.398µs,"Wed, 22 Jun 2022 13:05:00 EDT","Wed, 22 Jun 2022 13:05:00 EDT"
test tool,test step,6.3µs,"Wed, 22 Jun 2022 13:05:00 EDT","Wed, 22 Jun 2022 13:05:00 EDT"
test tool,test step,10µs,"Wed, 22 Jun 2022 13:05:00 EDT","Wed, 22 Jun 2022 13:05:00 EDT"
test tool,test step,9.1µs,"Wed, 22 Jun 2022 13:05:00 EDT","Wed, 22 Jun 2022 13:05:00 EDT"
test tool,test step,3.002457297s,"Wed, 22 Jun 2022 13:35:27 EDT","Wed, 22 Jun 2022 13:35:30 EDT"
test tool,test step,3.002519553s,"Wed, 22 Jun 2022 16:36:28 EDT","Wed, 22 Jun 2022 16:36:31 EDT"
test tool,test step,3.002333238s,"Wed, 22 Jun 2022 16:41:44 EDT","Wed, 22 Jun 2022 16:41:47 EDT"
test tool,test step,45.803µs,"Thu, 23 Jun 2022 12:52:46 EDT","Thu, 23 Jun 2022 12:52:46 EDT"
test tool,test step,1.000264807s,"Thu, 23 Jun 2022 12:52:46 EDT","Thu, 23 Jun 2022 12:52:47 EDT"
test tool,test step,3.002296601s,"Thu, 23 Jun 2022 12:52:47 EDT","Thu, 23 Jun 2022 12:52:50 EDT"
test tool,test step,55.202µs,"Thu, 23 Jun 2022 12:52:50 EDT","Thu, 23 Jun 2022 12:52:50 EDT"
test tool,test step,2.3µs,"Thu, 23 Jun 2022 12:52:50 EDT","Thu, 23 Jun 2022 12:52:50 EDT"
test tool,test step,7.6µs,"Thu, 23 Jun 2022 12:52:50 EDT","Thu, 23 Jun 2022 12:52:50 EDT"
test tool,test step,1.6µs,"Thu, 23 Jun 2022 12:52:50 EDT","Thu, 23 Jun 2022 12:52:50 EDT"
test tool,test step,3.000863062s,"Thu, 23 Jun 2022 12:52:50 EDT","Thu, 23 Jun 2022 12:52:53 EDT"
test tool,test step,3.000774653s,"Thu, 23 Jun 2022 12:52:53 EDT","Thu, 23 Jun 2022 12:52:56 EDT"
test tool,test step,39.299µs,"Thu, 23 Jun 2022 12:55:11 EDT","Thu, 23 Jun 2022 12:55:11 EDT"
test tool,test step,13.5µs,"Thu, 23 Jun 2022 12:56:27 EDT","Thu, 23 Jun 2022 12:56:27 EDT"
test tool,test step,1.000260844s,"Thu, 23 Jun 2022 12:56:27 EDT","Thu, 23 Jun 2022 12:56:28 EDT"
test tool,test step,9.8µs,"Thu, 23 Jun 2022 12:56:28 EDT","Thu, 23 Jun 2022 12:56:28 EDT"
test tool,test step,2.2µs,"Thu, 23 Jun 2022 12:56:28 EDT","Thu, 23 Jun 2022 12:56:28 EDT"
test tool,test step,1.9µs,"Thu, 23 Jun 2022 12:56:28 EDT","Thu, 23 Jun 2022 12:56:28 EDT"
test tool,test step,1.7µs,"Thu, 23 Jun 2022 12:56:28 EDT","Thu, 23 Jun 2022 12:56:28 EDT"
test tool,test step,3.002277174s,"Thu, 23 Jun 2022 12:56:28 EDT","Thu, 23 Jun 2022 12:56:31 EDT"
test tool,test step,12.9µs,"Thu, 23 Jun 2022 12:56:31 EDT","Thu, 23 Jun 2022 12:56:31 EDT"
test tool,test step,20µs,"Thu, 23 Jun 2022 13:04:37 EDT","Thu, 23 Jun 2022 13:04:37 EDT"
test tool,test step,1.0003831s,"Thu, 23 Jun 2022 13:04:37 EDT","Thu, 23 Jun 2022 13:04:38 EDT"
test tool,test step,12.8µs,"Thu, 23 Jun 2022 13:04:38 EDT","Thu, 23 Jun 2022 13:04:38 EDT"
test tool,test step,9.2µs,"Thu, 23 Jun 2022 13:04:38 EDT","Thu, 23 Jun 2022 13:04:38 EDT"
test tool,test step,12.4µs,"Thu, 23 Jun 2022 13:04:38 EDT","Thu, 23 Jun 2022 13:04:38 EDT"
test tool,test step,7µs,"Thu, 23 Jun 2022 13:04:38 EDT","Thu, 23 Jun 2022 13:04:38 EDT"
test tool,test step,1.000419876s,"Thu, 23 Jun 2022 13:04:38 EDT","Thu, 23 Jun 2022 13:04:39 EDT"
test tool,test step,26.9µs,"Thu, 23 Jun 2022 13:04:39 EDT","Thu, 23 Jun 2022 13:04:39 EDT"
test tool,test step,13.4µs,"Thu, 23 Jun 2022 13:57:09 EDT","Thu, 23 Jun 2022 13:57:09 EDT"
test tool,test step,1.000311843s,"Thu, 23 Jun 2022 13:57:09 EDT","Thu, 23 Jun 2022 13:57:10 EDT"
test tool,test step,24.9µs,"Thu, 23 Jun 2022 13:57:10 EDT","Thu, 23 Jun 2022 13:57:10 EDT"
test tool,test step,3.7µs,"Thu, 23 Jun 2022 13:57:10 EDT","Thu, 23 Jun 2022 13:57:10 EDT"
test tool,test step,12.8µs,"Thu, 23 Jun 2022 13:57:10 EDT","Thu, 23 Jun 2022 13:57:10 EDT"
test tool,test step,3.2µs,"Thu, 23 Jun 2022 13:57:10 EDT","Thu, 23 Jun 2022 13:57:10 EDT"
test tool,test step,1.000444443s,"Thu, 23 Jun 2022 13:57:10 EDT","Thu, 23 Jun 2022 13:57:11 EDT"
test tool,test step,37.8µs,"Thu, 23 Jun 2022 13:57:11 EDT","Thu, 23 Jun 2022 13:57:11 EDT"
test tool,test step,63µs,"Thu, 23 Jun 2022 13:57:51 EDT","Thu, 23 Jun 2022 13:57:51 EDT"
test tool,test step,1.00035999s,"Thu, 23 Jun 2022 13:57:51 EDT","Thu, 23 Jun 2022 13:57:52 EDT"
test tool,test step,3.1µs,"Thu, 23 Jun 2022 13:57:52 EDT","Thu, 23 Jun 2022 13:57:52 EDT"
test tool,test step,1.8µs,"Thu, 23 Jun 2022 13:57:52 EDT","Thu, 23 Jun 2022 13:57:52 EDT"
test tool,test step,1.6µs,"Thu, 23 Jun 2022 13:57:52 EDT","Thu, 23 Jun 2022 13:57:52 EDT"
test tool,test step,1.6µs,"Thu, 23 Jun 2022 13:57:52 EDT","Thu, 23 Jun 2022 13:57:52 EDT"
test tool,test step,3.002242263s,"Thu, 23 Jun 2022 13:57:52 EDT","Thu, 23 Jun 2022 13:57:55 EDT"
test tool,test step,3.002351653s,"Thu, 23 Jun 2022 13:57:55 EDT","Thu, 23 Jun 2022 13:57:58 EDT"
test tool,test step,57.8µs,"Thu, 23 Jun 2022 13:58:34 EDT","Thu, 23 Jun 2022 13:58:34 EDT"
test tool,test step,1.00050764s,"Thu, 23 Jun 2022 13:58:34 EDT","Thu, 23 Jun 2022 13:58:35 EDT"
test tool,test step,9.6µs,"Thu, 23 Jun 2022 13:58:35 EDT","Thu, 23 Jun 2022 13:58:35 EDT"
test tool,test step,1.000572139s,"Thu, 23 Jun 2022 13:58:35 EDT","Thu, 23 Jun 2022 13:58:36 EDT"
test tool,test step,1.000388937s,"Thu, 23 Jun 2022 13:58:36 EDT","Thu, 23 Jun 2022 13:58:37 EDT"
test tool,test step,33.402µs,"Thu, 23 Jun 2022 14:00:11 EDT","Thu, 23 Jun 2022 14:00:11 EDT"
test tool,test step,1.000479804s,"Thu, 23 Jun 2022 14:00:11 EDT","Thu, 23 Jun 2022 14:00:12 EDT"
test tool,test step,8.1µs,"Thu, 23 Jun 2022 14:00:12 EDT","Thu, 23 Jun 2022 14:00:12 EDT"
test tool,test step,1.000510632s,"Thu, 23 Jun 2022 14:00:12 EDT","Thu, 23 Jun 2022 14:00:13 EDT"
test tool,test step,90.804µs,"Thu, 23 Jun 2022 14:00:13 EDT","Thu, 23 Jun 2022 14:00:13 EDT"
test tool,test step,23.201µs,"Thu, 23 Jun 2022 14:02:20 EDT","Thu, 23 Jun 2022 14:02:20 EDT"
test tool,test step,1.000243551s,"Thu, 23 Jun 2022 14:02:20 EDT","Thu, 23 Jun 2022 14:02:21 EDT"
test tool,test step,12.001µs,"Thu, 23 Jun 2022 14:02:21 EDT","Thu, 23 Jun 2022 14:02:21 EDT"
test tool,test step,1.000453103s,"Thu, 23 Jun 2022 14:02:21 EDT","Thu, 23 Jun 2022 14:02:22 EDT"
test tool,test step,49.502µs,"Thu, 23 Jun 2022 14:02:22 EDT","Thu, 23 Jun 2022 14:02:22 EDT"
test tool,test step,14.3µs,"Thu, 23 Jun 2022 14:17:14 EDT","Thu, 23 Jun 2022 14:17:14 EDT"
test tool,test step,1.000458854s,"Thu, 23 Jun 2022 14:17:14 EDT","Thu, 23 Jun 2022 14:17:15 EDT"
test tool,test step,85.801µs,"Thu, 23 Jun 2022 14:17:15 EDT","Thu, 23 Jun 2022 14:17:15 EDT"
test tool,test step,1.000412843s,"Thu, 23 Jun 2022 14:17:15 EDT","Thu, 23 Jun 2022 14:17:16 EDT"
test tool,test step,31.8µs,"Thu, 23 Jun 2022 14:17:16 EDT","Thu, 23 Jun 2022 14:17:16 EDT"
test tool,test step,24.5µs,"Thu, 23 Jun 2022 14:25:32 EDT","Thu, 23 Jun 2022 14:25:32 EDT"
test tool,test step,1.000417506s,"Thu, 23 Jun 2022 14:25:32 EDT","Thu, 23 Jun 2022 14:25:33 EDT"
test tool,test step,31.801µs,"Thu, 23 Jun 2022 14:25:33 EDT","Thu, 23 Jun 2022 14:25:33 EDT"
test tool,test step,1.000435002s,"Thu, 23 Jun 2022 14:25:33 EDT","Thu, 23 Jun 2022 14:25:34 EDT"
test tool,test step,15.601µs,"Thu, 23 Jun 2022 14:25:34 EDT","Thu, 23 Jun 2022 14:25:34 EDT"
test tool,test step,19.2µs,"Thu, 23 Jun 2022 14:30:59 EDT","Thu, 23 Jun 2022 14:30:59 EDT"
test tool,test step,1.000494602s,"Thu, 23 Jun 2022 14:30:59 EDT","Thu, 23 Jun 2022 14:31:00 EDT"
test tool,test step,11.1µs,"Thu, 23 Jun 2022 14:31:00 EDT","Thu, 23 Jun 2022 14:31:00 EDT"
test tool,test step,1.000300298s,"Thu, 23 Jun 2022 14:31:00 EDT","Thu, 23 Jun 2022 14:31:01 EDT"
test tool,test step,11.1µs,"Thu, 23 Jun 2022 14:31:01 EDT","Thu, 23 Jun 2022 14:31:01 EDT"
test tool,test step,13.3µs,"Thu, 23 Jun 2022 14:41:44 EDT","Thu, 23 Jun 2022 14:41:44 EDT"
test tool,test step,1.000262064s,"Thu, 23 Jun 2022 14:41:44 EDT","Thu, 23 Jun 2022 14:41:45 EDT"
test tool,test step,11.9µs,"Thu, 23 Jun 2022 14:41:45 EDT","Thu, 23 Jun 2022 14:41:45 EDT"
test tool,test step,1.000461253s,"Thu, 23 Jun 2022 14:41:45 EDT","Thu, 23 Jun 2022 14:41:46 EDT"
test tool,test step,22.1µs,"Thu, 23 Jun 2022 14:41:46 EDT","Thu, 23 Jun 2022 14:41:46 EDT"
test tool,test step,13.7µs,"Fri, 24 Jun 2022 12:39:45 EDT","Fri, 24 Jun 2022 12:39:45 EDT"
test tool,test step,1.000721472s,"Fri, 24 Jun 2022 12:39:45 EDT","Fri, 24 Jun 2022 12:39:46 EDT"
test tool,test step,101.601µs,"Fri, 24 Jun 2022 12:39:46 EDT","Fri, 24 Jun 2022 12:39:46 EDT"
test tool,test step,1.000307969s,"Fri, 24 Jun 2022 12:39:46 EDT","Fri, 24 Jun 2022 12:39:47 EDT"
test tool,test step,35.4µs,"Fri, 24 Jun 2022 12:39:47 EDT","Fri, 24 Jun 2022 12:39:47 EDT"
test tool,test step,23.9µs,"Fri, 24 Jun 2022 13:37:46 EDT","Fri, 24 Jun 2022 13:37:46 EDT"
test tool,test step,1.000472414s,"Fri, 24 Jun 2022 13:37:46 EDT","Fri, 24 Jun 2022 13:37:47 EDT"
test tool,test step,35.601µs,"Fri, 24 Jun 2022 13:37:47 EDT","Fri, 24 Jun 2022 13:37:47 EDT"
test tool,test step,1.000770513s,"Fri, 24 Jun 2022 13:37:47 EDT","Fri, 24 Jun 2022 13:37:48 EDT"
test tool,test step,45.1µs,"Fri, 24 Jun 2022 13:37:48 EDT","Fri, 24 Jun 2022 13:37:48 EDT"
